종목코드,종목명,시장구분,업종명,종가,대비,등락률,시가총액
"095570","AJ네트웍스","KOSPI","일반서비스","4855","45","0.94","219702144945"
"006840","AK홀딩스","KOSPI","기타금융","12230","-610","-4.75","162017671030"
"027410","BGF","KOSPI","기타금융","3570","-25","-0.70","341708943870"
"282330","BGF리테일","KOSPI","유통","110800","-5500","-4.73","1915056784800"
"138930","BNK금융지주","KOSPI","기타금융","9910","370","3.88","3175527964570"
"001460","BYC","KOSPI","섬유·의류","32500","-250","-0.76","202999875000"
"001465","BYC우","KOSPI","섬유·의류","13030","-10","-0.08","28064665500"
"001040","CJ","KOSPI","기타금융","103300","-300","-0.29","3013983893400"
"079160","CJ CGV","KOSPI","일반서비스","5470","-170","-3.01","905722616410"
"00104K","CJ4우(전환)","KOSPI","기타금융","78700","-1300","-1.63","332626494400"
"000120","CJ대한통운","KOSPI","운송·창고","88700","-1800","-1.99","2023454912800"
"011150","CJ씨푸드","KOSPI","음식료·담배","3080","-10","-0.32","110666780840"
"011155","CJ씨푸드1우","KOSPI","음식료·담배","17900","-230","-1.27","3580000000"
"001045","CJ우","KOSPI","기타금융","57300","0","0.00","129510777900"
"097950","CJ제일제당","KOSPI","음식료·담배","269500","-4500","-1.64","4057103127000"
"097955","CJ제일제당 우","KOSPI","음식료·담배","132600","-1300","-0.97","176017615800"
"000480","CR홀딩스","KOSPI","비금속","5670","10","0.18","265869078300"
"000590","CS홀딩스","KOSPI","기타금융","69400","100","0.14","80121050800"
"012030","DB","KOSPI","일반서비스","1554","-55","-3.42","312624291882"
"016610","DB금융투자","KOSPI","증권","5350","0","0.00","227088181150"
"005830","DB손해보험","KOSPI","보험","113600","3600","3.27","8042880000000"
"000990","DB하이텍","KOSPI","전기·전자","35600","-450","-1.25","1580589732800"
"139130","DGB금융지주","KOSPI","기타금융","8220","50","0.61","1390378747260"
"001530","DI동일","KOSPI","유통","37700","100","0.27","950630834400"
"000210","DL","KOSPI","화학","39550","-1150","-2.83","828805212200"
"000215","DL우","KOSPI","화학","23850","-50","-0.21","40213842750"
"375500","DL이앤씨","KOSPI","건설","30150","-400","-1.31","1166612733450"
"37550L","DL이앤씨2우(전환)","KOSPI","건설","20850","-200","-0.95","44034178350"
"37550K","DL이앤씨우","KOSPI","건설","15470","-130","-0.83","32701800950"
"007340","DN오토모티브","KOSPI","전기·전자","17590","-20","-0.11","1038968565350"
"004840","DRB동일","KOSPI","화학","4540","35","0.78","90482200000"
"155660","DSR","KOSPI","금속","3765","-40","-1.05","60240000000"
"069730","DSR제강","KOSPI","금속","3575","50","1.42","51480000000"
"017860","DS단석","KOSPI","화학","66000","-600","-0.90","386852664000"
"017940","E1","KOSPI","유통","75300","-200","-0.26","516558000000"
"365550","ESR켄달스퀘어리츠","KOSPI","일반서비스","4940","-30","-0.60","1052659660000"
"383220","F&F","KOSPI","섬유·의류","57200","-3300","-5.45","2191164690000"
"007700","F&F홀딩스","KOSPI","기타금융","13100","10","0.08","512398207700"
"114090","GKL","KOSPI","일반서비스","10650","-160","-1.48","658762885500"
"078930","GS","KOSPI","기타금융","42050","0","0.00","3907091644900"
"006360","GS건설","KOSPI","건설","18100","-200","-1.09","1549024969000"
"001250","GS글로벌","KOSPI","유통","3395","75","2.26","280202128780"
"007070","GS리테일","KOSPI","유통","20300","-800","-3.79","2125773816600"
"078935","GS우","KOSPI","기타금융","38600","-50","-0.13","68894283600"
"012630","HDC","KOSPI","기타금융","10900","-50","-0.46","651184758900"
"039570","HDC랩스","KOSPI","건설","7980","40","0.50","207141655980"
"089470","HDC현대EP","KOSPI","화학","3810","-85","-2.18","121539000000"
"294870","HDC현대산업개발","KOSPI","건설","21700","1100","5.34","1430189061000"
"009540","HD한국조선해양","KOSPI","기타금융","199900","4100","2.09","14147545888400"
"267250","HD현대","KOSPI","기타금융","80800","-1200","-1.46","6382641268000"
"267270","HD현대건설기계","KOSPI","기계·장비","49650","-2450","-4.70","908872344900"
"443060","HD현대마린솔루션","KOSPI","일반서비스","134200","7600","6.00","5965190000000"
"071970","HD현대마린엔진","KOSPI","기계·장비","20700","-300","-1.43","702174946500"
"010620","HD현대미포","KOSPI","운송장비·부품","110500","1700","1.56","4413607464500"
"322000","HD현대에너지솔루션","KOSPI","전기·전자","22450","-600","-2.60","251440000000"
"042670","HD현대인프라코어","KOSPI","기계·장비","7110","-340","-4.56","1369783214370"
"267260","HD현대일렉트릭","KOSPI","전기·전자","345000","3000","0.88","12436261575000"
"329180","HD현대중공업","KOSPI","운송장비·부품","198100","400","0.20","17585954279600"
"097230","HJ중공업","KOSPI","건설","2210","-35","-1.56","184036161010"
"014790","HL D&I","KOSPI","건설","2435","-50","-2.01","92185693435"
"003580","HLB글로벌","KOSPI","유통","4015","20","0.50","190670707865"
"204320","HL만도","KOSPI","운송장비·부품","40200","500","1.26","1887676224000"
"060980","HL홀딩스","KOSPI","기타금융","35350","-400","-1.12","359488643500"
"011200","HMM","KOSPI","운송·창고","16830","-220","-1.29","12606334717680"
"035000","HS애드","KOSPI","일반서비스","6380","-30","-0.47","105700069420"
"002460","HS화성","KOSPI","건설","8940","-10","-0.11","90741000000"
"487570","HS효성","KOSPI","기타금융","39600","-450","-1.12","147546709200"
"298050","HS효성첨단소재","KOSPI","화학","253500","-3500","-1.36","1135666818000"
"003560","IHQ","KOSPI","일반서비스","10760","0","0.00","64501530160"
"175330","JB금융지주","KOSPI","기타금융","18290","700","3.98","3568071691420"
"234080","JW생명과학","KOSPI","제약","10810","-160","-1.46","171171528740"
"001060","JW중외제약","KOSPI","제약","26550","-1350","-4.84","618241441500"
"001067","JW중외제약2우B","KOSPI","제약","58800","-200","-0.34","12346412400"
"001065","JW중외제약우","KOSPI","제약","30700","-250","-0.81","10497895700"
"096760","JW홀딩스","KOSPI","기타금융","2950","-30","-1.01","218078578900"
"105560","KB금융","KOSPI","기타금융","101000","7800","8.37","39746370723000"
"432320","KB스타리츠","KOSPI","일반서비스","4335","-20","-0.46","439630925475"
"002380","KCC","KOSPI","화학","258000","1000","0.39","2292709518000"
"344820","KCC글라스","KOSPI","비금속","38600","-200","-0.52","616461763200"
"009070","KCTC","KOSPI","운송·창고","4410","-75","-1.67","132300000000"
"009440","KC그린홀딩스","KOSPI","기타금융","834","-10","-1.18","18710773320"
"119650","KC코트렐","KOSPI","기계·장비","409","-6","-1.45","26263660561"
"092220","KEC","KOSPI","전기·전자","850","-13","-1.51","170648669850"
"003620","KG모빌리티","KOSPI","운송장비·부품","4840","-55","-1.12","950596589360"
"016380","KG스틸","KOSPI","금속","6520","-90","-1.36","652058008440"
"001390","KG케미칼","KOSPI","화학","3880","-80","-2.02","265659875200"
"033180","KH 필룩스","KOSPI","전기·전자","6630","0","0.00","125330728770"
"015590","KIB플러그에너지","KOSPI","기계·장비","405","-10","-2.41","95977525320"
"001940","KISCO홀딩스","KOSPI","금속","19050","220","1.17","308160039000"
"025000","KPX케미칼","KOSPI","화학","46900","-100","-0.21","226996000000"
"092230","KPX홀딩스","KOSPI","화학","55800","-600","-1.06","235735246800"
"000040","KR모터스","KOSPI","운송장비·부품","511","-8","-1.54","30727895548"
"044450","KSS해운","KOSPI","운송·창고","8880","-260","-2.84","205002614400"
"030200","KT","KOSPI","통신","44200","400","0.91","11139358477000"
"033780","KT&G","KOSPI","기타제조","111600","2300","2.10","14543990665200"
"058850","KTcs","KOSPI","일반서비스","2780","-90","-3.14","118664300000"
"058860","KTis","KOSPI","일반서비스","2610","-15","-0.57","90833220000"
"093050","LF","KOSPI","섬유·의류","14930","-60","-0.40","436553200000"
"003550","LG","KOSPI","기타금융","75400","-600","-0.79","11860494872200"
"034220","LG디스플레이","KOSPI","전기·전자","10110","-240","-2.32","5055000000000"
"051900","LG생활건강","KOSPI","화학","346000","-8500","-2.40","5403896162000"
"051905","LG생활건강우","KOSPI","화학","149700","-2400","-1.58","314324640900"
"373220","LG에너지솔루션","KOSPI","전기·전자","407000","500","0.12","95238000000000"
"003555","LG우","KOSPI","기타금융","59500","-200","-0.34","179786390000"
"032640","LG유플러스","KOSPI","통신","9960","40","0.40","4348649155560"
"011070","LG이노텍","KOSPI","전기·전자","172300","-3700","-2.10","4077842536100"
"066570","LG전자","KOSPI","전기·전자","92100","-5100","-5.25","15071963669400"
"066575","LG전자우","KOSPI","전기·전자","47250","-1800","-3.67","812038122000"
"037560","LG헬로비전","KOSPI","일반서비스","2565","-15","-0.58","198651208725"
"051910","LG화학","KOSPI","화학","322500","-5500","-1.68","22766030617500"
"051915","LG화학우","KOSPI","화학","219000","-7500","-3.31","1683847200000"
"079550","LIG넥스원","KOSPI","기계·장비","249000","-3000","-1.19","5478000000000"
"006260","LS","KOSPI","기타금융","108400","-600","-0.55","3490480000000"
"010120","LS ELECTRIC","KOSPI","전기·전자","149500","400","0.27","4485000000000"
"000680","LS네트웍스","KOSPI","유통","3160","-125","-3.81","249017530560"
"229640","LS에코에너지","KOSPI","기타금융","27800","-700","-2.46","851371636200"
"108320","LX세미콘","KOSPI","전기·전자","59500","-1400","-2.30","967725850000"
"001120","LX인터내셔널","KOSPI","유통","29050","-600","-2.02","1125978000000"
"108670","LX하우시스","KOSPI","화학","40250","0","0.00","360948717500"
"108675","LX하우시스우","KOSPI","화학","22350","-350","-1.54","23072575500"
"383800","LX홀딩스","KOSPI","기타금융","7000","-20","-0.28","533964830000"
"38380K","LX홀딩스1우","KOSPI","기타금융","8560","-30","-0.35","12542839600"
"023150","MH에탄올","KOSPI","음식료·담배","5800","-30","-0.51","42795450800"
"035420","NAVER","KOSPI","일반서비스","167800","-4300","-2.50","26979640442400"
"181710","NHN","KOSPI","일반서비스","15670","-270","-1.69","529115147410"
"400760","NH올원리츠","KOSPI","일반서비스","3460","-70","-1.98","146012000000"
"005940","NH투자증권","KOSPI","증권","13540","30","0.22","4434245728460"
"005945","NH투자증권우","KOSPI","증권","12040","-10","-0.08","227206454720"
"338100","NH프라임리츠","KOSPI","일반서비스","4785","85","1.81","89288100000"
"034310","NICE","KOSPI","일반서비스","11300","-20","-0.18","423789290100"
"030190","NICE평가정보","KOSPI","일반서비스","11050","-280","-2.47","664189753500"
"008260","NI스틸","KOSPI","금속","3765","-45","-1.18","107679440505"
"004250","NPC","KOSPI","화학","5030","-140","-2.71","184701600000"
"004255","NPC우","KOSPI","화학","2725","-5","-0.18","14388000000"
"456040","OCI","KOSPI","화학","73000","-800","-1.08","653532135000"
"010060","OCI홀딩스","KOSPI","기타금융","67200","1900","2.91","1314699657600"
"178920","PI첨단소재","KOSPI","화학","19370","-1130","-5.51","568825657140"
"005490","POSCO홀딩스","KOSPI","금속","335500","-4000","-1.18","27720478483500"
"010950","S-Oil","KOSPI","화학","57700","-700","-1.20","6496027098400"
"010955","S-Oil우","KOSPI","화학","41600","-300","-0.72","167312163200"
"034120","SBS","KOSPI","일반서비스","15010","-140","-0.92","278454082380"
"005090","SGC에너지","KOSPI","전기·가스","28000","-600","-2.10","403461324000"
"001380","SG글로벌","KOSPI","운송장비·부품","3050","0","0.00","137140636150"
"004060","SG세계물산","KOSPI","유통","329","-7","-2.08","66597811840"
"001770","SHD","KOSPI","금속","17690","-860","-4.64","21491191820"
"002360","SH에너지화학","KOSPI","화학","511","-5","-0.97","56789336030"
"009160","SIMPAC","KOSPI","금속","3900","-20","-0.51","255175112400"
"033530","SJG세종","KOSPI","운송장비·부품","4485","-25","-0.55","124777010085"
"123700","SJM","KOSPI","운송장비·부품","3265","-25","-0.76","50949991970"
"025530","SJM홀딩스","KOSPI","유통","3585","-25","-0.69","53538418680"
"034730","SK","KOSPI","기타금융","148600","3100","2.13","10773901665800"
"011790","SKC","KOSPI","화학","140000","-1600","-1.13","5301561720000"
"018670","SK가스","KOSPI","유통","189500","6300","3.44","1749131238000"
"001740","SK네트웍스","KOSPI","유통","5080","20","0.40","1124091742160"
"006120","SK디스커버리","KOSPI","기타금융","32650","-350","-1.06","613358165750"
"006125","SK디스커버리우","KOSPI","기타금융","31100","50","0.16","42247950500"
"210980","SK디앤디","KOSPI","일반서비스","7880","-240","-2.96","146704970160"
"395400","SK리츠","KOSPI","일반서비스","4835","-115","-2.32","1318934138100"
"302440","SK바이오사이언스","KOSPI","제약","52300","-4400","-7.76","4097563423900"
"326030","SK바이오팜","KOSPI","일반서비스","118600","-2500","-2.06","9287951450000"
"402340","SK스퀘어","KOSPI","기타금융","95500","5500","6.11","12868621180000"
"361610","SK아이이테크놀로지","KOSPI","전기·전자","30800","-500","-1.60","2195965833600"
"100090","SK오션플랜트","KOSPI","금속","12470","-500","-3.86","738168732960"
"03473K","SK우","KOSPI","기타금융","121500","100","0.08","68785402500"
"096770","SK이노베이션","KOSPI","화학","114400","-900","-0.78","10952151496000"
"096775","SK이노베이션우","KOSPI","화학","77100","-200","-0.26","96253644600"
"475150","SK이터닉스","KOSPI","건설","14940","-570","-3.68","503356911300"
"001510","SK증권","KOSPI","증권","501","0","0.00","236767675671"
"001515","SK증권우","KOSPI","증권","1779","-26","-1.44","6960362406"
"285130","SK케미칼","KOSPI","화학","47350","-1850","-3.76","816966625050"
"28513K","SK케미칼우","KOSPI","화학","22450","-500","-2.18","47491381050"
"017670","SK텔레콤","KOSPI","통신","57500","200","0.35","12350428047500"
"000660","SK하이닉스","KOSPI","전기·전자","201000","2800","1.41","146328475365000"
"003570","SNT다이내믹스","KOSPI","운송장비·부품","26800","200","0.75","891172279600"
"064960","SNT모티브","KOSPI","운송장비·부품","46050","-100","-0.22","673395412800"
"100840","SNT에너지","KOSPI","기계·장비","12710","-80","-0.63","262852751930"
"036530","SNT홀딩스","KOSPI","기타금융","22650","100","0.44","369283017900"
"005610","SPC삼립","KOSPI","음식료·담배","49000","-600","-1.21","422821441000"
"011810","STX","KOSPI","유통","4940","90","1.86","153228559380"
"465770","STX그린로지스","KOSPI","운송·창고","11100","-980","-8.11","79598455200"
"077970","STX엔진","KOSPI","기계·장비","19760","180","0.92","454655943040"
"002820","SUN&L","KOSPI","종이·목재","3225","100","3.20","40660764525"
"084870","TBH글로벌","KOSPI","섬유·의류","1376","-13","-0.94","28698982944"
"002710","TCC스틸","KOSPI","금속","45350","150","0.33","1188791158950"
"069260","TKG휴켐스","KOSPI","화학","19760","0","0.00","807760898880"
"007980","TP","KOSPI","섬유·의류","1320","-8","-0.60","67551171600"
"002900","TYM","KOSPI","기계·장비","3045","-15","-0.49","137180161020"
"024070","WISCOM","KOSPI","화학","2090","35","1.70","32032255420"
"037270","YG PLUS","KOSPI","일반서비스","6070","320","5.57","385016518700"
"000500","가온전선","KOSPI","전기·전자","38450","200","0.52","282913023700"
"000860","강남제비스코","KOSPI","화학","25000","-300","-1.19","162500000000"
"035250","강원랜드","KOSPI","일반서비스","16240","-60","-0.37","3474393720000"
"011420","갤럭시아에스엠","KOSPI","일반서비스","2370","35","1.50","65292656280"
"002100","경농","KOSPI","화학","9190","10","0.11","179412464250"
"009450","경동나비엔","KOSPI","전기·전자","90000","-600","-0.66","1311173280000"
"267290","경동도시가스","KOSPI","전기·가스","18690","-70","-0.37","110185138140"
"012320","경동인베스트","KOSPI","기타금융","74800","-800","-1.06","176903720400"
"000050","경방","KOSPI","유통","6490","500","8.35","177925102300"
"214390","경보제약","KOSPI","제약","7440","0","0.00","177867038400"
"012610","경인양행","KOSPI","화학","2930","-55","-1.84","121935949450"
"009140","경인전자","KOSPI","전기·전자","20800","-200","-0.95","32672577600"
"013580","계룡건설","KOSPI","건설","13330","-70","-0.52","119048990310"
"012200","계양전기","KOSPI","기계·장비","1516","-22","-1.43","41269808764"
"012205","계양전기우","KOSPI","기계·장비","3575","-25","-0.69","4179457425"
"002140","고려산업","KOSPI","음식료·담배","3225","5","0.16","80429645625"
"010130","고려아연","KOSPI","금속","1253000","115000","10.11","25941213599000"
"002240","고려제강","KOSPI","금속","19030","-140","-0.73","475750000000"
"009290","광동제약","KOSPI","제약","5580","-160","-2.79","292508348580"
"017040","광명전기","KOSPI","전기·전자","1391","-61","-4.20","60282622465"
"017900","광전자","KOSPI","전기·전자","1773","-19","-1.06","102734291799"
"037710","광주신세계","KOSPI","유통","29250","-150","-0.51","232747807500"
"030610","교보증권","KOSPI","증권","5530","-30","-0.54","630215174330"
"339770","교촌에프앤비","KOSPI","유통","10280","-290","-2.74","256820511200"
"007690","국도화학","KOSPI","화학","33650","-450","-1.32","303207228400"
"005320","국동","KOSPI","유통","423","-53","-11.13","28479700431"
"001140","국보","KOSPI","운송·창고","2110","0","0.00","33456978680"
"002720","국제약품","KOSPI","제약","5190","-140","-2.63","109819528080"
"083420","그린케미칼","KOSPI","화학","5670","-100","-1.73","136080000000"
"014530","극동유화","KOSPI","화학","3735","-15","-0.40","130237283700"
"014280","금강공업","KOSPI","금속","4000","-100","-2.44","117317428000"
"014285","금강공업우","KOSPI","금속","6700","-180","-2.62","3952162500"
"008870","금비","KOSPI","비금속","54400","-900","-1.63","54400000000"
"001570","금양","KOSPI","화학","43250","650","1.53","2510664100250"
"002990","금호건설","KOSPI","건설","2870","-40","-1.37","106056817650"
"002995","금호건설우","KOSPI","건설","9090","-100","-1.09","2656697940"
"011780","금호석유","KOSPI","화학","141700","-600","-0.42","3873310977900"
"011785","금호석유우","KOSPI","화학","65200","-600","-0.91","197131287200"
"214330","금호에이치티","KOSPI","운송장비·부품","596","-24","-3.87","127492822076"
"001210","금호전기","KOSPI","전기·전자","860","-3","-0.35","37440720920"
"073240","금호타이어","KOSPI","화학","4150","-50","-1.19","1192130191050"
"092440","기신정기","KOSPI","기계·장비","2575","-10","-0.39","75190000000"
"000270","기아","KOSPI","운송장비·부품","92700","1800","1.98","37066875255900"
"024110","기업은행","KOSPI","은행","14720","270","1.87","11738108791680"
"013700","까뮤이앤씨","KOSPI","건설","1290","-30","-2.27","77078570700"
"004540","깨끗한나라","KOSPI","종이·목재","2030","-35","-1.69","75598606790"
"004545","깨끗한나라우","KOSPI","종이·목재","12180","150","1.25","4459828800"
"001260","남광토건","KOSPI","건설","6180","-60","-0.96","60765294960"
"008350","남선알미늄","KOSPI","금속","1343","0","0.00","173353217870"
"008355","남선알미우","KOSPI","금속","17600","0","0.00","5418864000"
"004270","남성","KOSPI","유통","1295","-8","-0.61","46894747200"
"003920","남양유업","KOSPI","음식료·담배","659000","24000","3.78","447942729000"
"003925","남양유업우","KOSPI","음식료·담배","400000","0","0.00","80000000000"
"025860","남해화학","KOSPI","화학","6370","-90","-1.39","316454229910"
"005720","넥센","KOSPI","화학","4645","85","1.86","248711773165"
"005725","넥센우","KOSPI","화학","3140","0","0.00","11305884000"
"002350","넥센타이어","KOSPI","화학","6950","0","0.00","678791745150"
"002355","넥센타이어1우B","KOSPI","화학","3155","-35","-1.10","20507500000"
"092790","넥스틸","KOSPI","금속","8840","-270","-2.96","229857680000"
"251270","넷마블","KOSPI","일반서비스","56000","-200","-0.36","4813396112000"
"090350","노루페인트","KOSPI","화학","8400","-20","-0.24","168000000000"
"090355","노루페인트우","KOSPI","화학","12910","110","0.86","5978956660"
"000320","노루홀딩스","KOSPI","기타금융","13440","-50","-0.37","178633069440"
"000325","노루홀딩스우","KOSPI","기타금융","28450","-100","-0.35","6929253550"
"006280","녹십자","KOSPI","제약","162600","-3500","-2.11","1900231078800"
"005250","녹십자홀딩스","KOSPI","일반서비스","15580","-570","-3.53","732699511800"
"005257","녹십자홀딩스2우","KOSPI","일반서비스","24550","-300","-1.21","20769054500"
"004370","농심","KOSPI","음식료·담배","358000","-5500","-1.51","2177585836000"
"072710","농심홀딩스","KOSPI","기타금융","67000","-200","-0.30","310731930000"
"058730","다스코","KOSPI","기계·장비","3215","70","2.23","60432165315"
"030210","다올투자증권","KOSPI","증권","2880","-30","-1.03","175423985280"
"023590","다우기술","KOSPI","일반서비스","18180","-10","-0.05","815675097060"
"145210","다이나믹디자인","KOSPI","기계·장비","2740","235","9.38","94753822380"
"019680","대교","KOSPI","일반서비스","2265","-30","-1.31","191851955250"
"019685","대교우B","KOSPI","일반서비스","1302","2","0.15","25293940980"
"006370","대구백화점","KOSPI","유통","7200","-120","-1.64","77915599200"
"008060","대덕","KOSPI","기타금융","6190","30","0.49","209780028500"
"00806K","대덕1우","KOSPI","기타금융","6460","0","0.00","7831826220"
"353200","대덕전자","KOSPI","전기·전자","15820","-350","-2.16","781775753500"
"35320K","대덕전자1우","KOSPI","전기·전자","7900","0","0.00","16554600100"
"000490","대동","KOSPI","기계·장비","7960","-80","-1.00","204100672480"
"008110","대동전자","KOSPI","전기·전자","15040","0","0.00","157776322880"
"005750","대림B&Co","KOSPI","비금속","3480","-5","-0.14","58019395200"
"006570","대림통상","KOSPI","기계·장비","2630","-20","-0.75","40041750000"
"001680","대상","KOSPI","음식료·담배","19690","-160","-0.81","682219612250"
"001685","대상우","KOSPI","음식료·담배","16710","100","0.60","22896426330"
"084690","대상홀딩스","KOSPI","기타금융","8220","220","2.75","297667062360"
"084695","대상홀딩스우","KOSPI","기타금융","20000","1150","6.10","18269640000"
"128820","대성산업","KOSPI","유통","3435","-10","-0.29","155383866930"
"117580","대성에너지","KOSPI","전기·가스","9380","-170","-1.78","257950000000"
"016710","대성홀딩스","KOSPI","일반서비스","7790","-70","-0.89","125336885610"
"003540","대신증권","KOSPI","증권","17120","270","1.60","869240608000"
"003547","대신증권2우B","KOSPI","증권","15010","20","0.13","150100000000"
"003545","대신증권우","KOSPI","증권","15630","10","0.06","406380000000"
"009190","대양금속","KOSPI","금속","1708","8","0.47","72350856088"
"014160","대영포장","KOSPI","종이·목재","997","-14","-1.38","108069365353"
"047040","대우건설","KOSPI","건설","3620","-15","-0.41","1504553949560"
"003090","대웅","KOSPI","제약","25150","-400","-1.57","1462270797000"
"069620","대웅제약","KOSPI","제약","152900","-900","-0.59","1771587317500"
"000430","대원강업","KOSPI","운송장비·부품","3820","0","0.00","236840000000"
"006340","대원전선","KOSPI","전기·전자","2795","-10","-0.36","209566794125"
"006345","대원전선우","KOSPI","전기·전자","3755","-75","-1.96","9842606000"
"003220","대원제약","KOSPI","제약","14350","-150","-1.03","321835816050"
"024890","대원화성","KOSPI","화학","1002","-78","-7.22","41331650304"
"002880","대유에이텍","KOSPI","운송장비·부품","1059","-5","-0.47","49501917180"
"000300","대유플러스","KOSPI","전기·전자","1984","0","0.00","156936737152"
"012800","대창","KOSPI","금속","1235","-3","-0.24","112558516265"
"015230","대창단조","KOSPI","운송장비·부품","5180","40","0.78","148004151400"
"001070","대한방직","KOSPI","섬유·의류","5860","-10","-0.17","31058000000"
"006650","대한유화","KOSPI","화학","100000","-500","-0.50","650000000000"
"001440","대한전선","KOSPI","전기·전자","11640","-60","-0.51","2170246572000"
"084010","대한제강","KOSPI","금속","13020","-490","-3.63","304855448940"
"001790","대한제당","KOSPI","음식료·담배","2850","-70","-2.40","255635253000"
"001795","대한제당우","KOSPI","음식료·담배","2490","-10","-0.40","16142072400"
"001130","대한제분","KOSPI","음식료·담배","135400","0","0.00","228826000000"
"003490","대한항공","KOSPI","운송·창고","23300","-150","-0.64","8579541401300"
"003495","대한항공우","KOSPI","운송·창고","23600","150","0.64","26214738400"
"005880","대한해운","KOSPI","운송·창고","1767","-17","-0.95","563986571820"
"003830","대한화섬","KOSPI","화학","118600","-400","-0.34","157500800000"
"016090","대현","KOSPI","섬유·의류","2065","-65","-3.05","91442970150"
"069460","대호에이엘","KOSPI","금속","1113","44","4.12","75177469248"
"192080","더블유게임즈","KOSPI","일반서비스","50200","0","0.00","1079094481200"
"012510","더존비즈온","KOSPI","일반서비스","54000","1800","3.45","1640670336000"
"004830","덕성","KOSPI","화학","6470","-20","-0.31","101449600000"
"004835","덕성우","KOSPI","화학","9640","-80","-0.82","13418880000"
"024900","덕양산업","KOSPI","운송장비·부품","3405","205","6.41","110883756900"
"145720","덴티움","KOSPI","의료·정밀기기","75100","-2300","-2.97","831269133000"
"002150","도화엔지니어링","KOSPI","일반서비스","6620","-40","-0.60","223226400000"
"460850","동국씨엠","KOSPI","금속","6350","-60","-0.94","189856465600"
"460860","동국제강","KOSPI","금속","8410","-140","-1.64","417203422970"
"001230","동국홀딩스","KOSPI","기타금융","7970","-30","-0.38","253449849510"
"023450","동남합성","KOSPI","화학","32450","-100","-0.31","113575000000"
"004140","동방","KOSPI","운송·창고","2310","-25","-1.07","110814779460"
"007590","동방아그로","KOSPI","화학","6260","-20","-0.32","85246032020"
"005960","동부건설","KOSPI","건설","4000","-80","-1.96","91785380000"
"005965","동부건설우","KOSPI","건설","21700","0","0.00","4898384400"
"026960","동서","KOSPI","유통","20650","-50","-0.24","2058805000000"
"002210","동성제약","KOSPI","제약","4470","-5","-0.11","116671335900"
"102260","동성케미컬","KOSPI","일반서비스","4265","-20","-0.47","211926689920"
"000640","동아쏘시오홀딩스","KOSPI","기타금융","120700","-1500","-1.23","766313799100"
"170900","동아에스티","KOSPI","제약","73600","-1500","-2.00","674711366400"
"028100","동아지질","KOSPI","건설","12980","-190","-1.44","182403345080"
"001520","동양","KOSPI","비금속","755","0","0.00","180206467565"
"001527","동양2우B","KOSPI","비금속","9240","-1220","-11.66","2851177560"
"084670","동양고속","KOSPI","운송·창고","8380","-50","-0.59","24264868220"
"082640","동양생명","KOSPI","보험","5710","120","2.15","921357520350"
"001525","동양우","KOSPI","비금속","4410","-150","-3.29","2724193710"
"008970","동양철관","KOSPI","금속","736","-14","-1.87","115590389760"
"092780","동양피스톤","KOSPI","운송장비·부품","5760","20","0.35","75850329600"
"049770","동원F&B","KOSPI","음식료·담배","31400","-350","-1.10","605882468000"
"018500","동원금속","KOSPI","운송장비·부품","1229","25","2.08","57461812657"
"006040","동원산업","KOSPI","기타금융","33250","-600","-1.77","1197728008750"
"030720","동원수산","KOSPI","농업, 임업 및 어업","5550","-50","-0.89","25828617750"
"014820","동원시스템즈","KOSPI","화학","50300","1800","3.71","1458261484600"
"014825","동원시스템즈우","KOSPI","화학","23000","600","2.68","6074553000"
"111380","동인기연","KOSPI","기타제조","19150","-250","-1.29","117351200000"
"163560","동일고무벨트","KOSPI","화학","7300","0","0.00","101470000000"
"004890","동일산업","KOSPI","금속","39300","-450","-1.13","95310949500"
"002690","동일제강","KOSPI","금속","1458","-1","-0.07","29597924880"
"000020","동화약품","KOSPI","제약","7510","-80","-1.05","209765339700"
"000150","두산","KOSPI","기타금융","206000","2000","0.98","3403910010000"
"000157","두산2우B","KOSPI","기타금융","98400","800","0.82","87874939200"
"454910","두산로보틱스","KOSPI","기계·장비","66200","400","0.61","4291082676000"
"241560","두산밥캣","KOSPI","기계·장비","37800","-1350","-3.45","3789418474800"
"034020","두산에너빌리티","KOSPI","기계·장비","20600","-250","-1.20","13195559607600"
"000155","두산우","KOSPI","기타금융","100900","1200","1.20","403243015800"
"336260","두산퓨얼셀","KOSPI","전기·전자","17000","-200","-1.16","1113393342000"
"33626K","두산퓨얼셀1우","KOSPI","전기·전자","5350","40","0.75","71498470000"
"33626L","두산퓨얼셀2우B","KOSPI","전기·전자","8240","-120","-1.44","24607112000"
"016740","두올","KOSPI","운송장비·부품","3410","-85","-2.43","109347378800"
"192650","드림텍","KOSPI","전기·전자","8270","-180","-2.13","569663344510"
"024090","디씨엠","KOSPI","금속","12210","-10","-0.08","139194000000"
"003160","디아이","KOSPI","의료·정밀기기","20300","2620","14.82","574490000000"
"092200","디아이씨","KOSPI","운송장비·부품","3650","10","0.27","141943276850"
"377190","디앤디플랫폼리츠","KOSPI","일반서비스","2885","-20","-0.69","185794000000"
"013570","디와이","KOSPI","기타금융","4570","25","0.55","120280722810"
"210540","디와이파워","KOSPI","기계·장비","12330","-170","-1.36","136144259640"
"115390","락앤락","KOSPI","화학","8630","-10","-0.12","373906926930"
"032350","롯데관광개발","KOSPI","일반서비스","9480","-200","-2.07","722339814840"
"089860","롯데렌탈","KOSPI","일반서비스","28550","-250","-0.87","1045902498650"
"330590","롯데리츠","KOSPI","일반서비스","3475","-55","-1.56","844316871900"
"000400","롯데손해보험","KOSPI","보험","2195","0","0.00","681188222400"
"023530","롯데쇼핑","KOSPI","유통","63000","-900","-1.41","1782191565000"
"020150","롯데에너지머티리얼즈","KOSPI","전기·전자","37150","950","2.62","1713017520250"
"280360","롯데웰푸드","KOSPI","음식료·담배","129900","-1200","-0.92","1225551162600"
"286940","롯데이노베이트","KOSPI","일반서비스","22300","-300","-1.33","337384884100"
"004000","롯데정밀화학","KOSPI","화학","45100","-350","-0.77","1163580000000"
"004990","롯데지주","KOSPI","기타금융","23750","0","0.00","2491594378750"
"00499K","롯데지주우","KOSPI","기타금융","29950","50","0.17","24127809850"
"005300","롯데칠성","KOSPI","음식료·담배","117700","-1200","-1.01","1092124646800"
"005305","롯데칠성우","KOSPI","음식료·담배","66200","0","0.00","51325522000"
"011170","롯데케미칼","KOSPI","화학","91300","200","0.22","3905395754700"
"071840","롯데하이마트","KOSPI","유통","7900","-50","-0.63","186500924800"
"027740","마니커","KOSPI","음식료·담배","916","-3","-0.33","58176284848"
"357430","마스턴프리미어리츠","KOSPI","일반서비스","2075","-55","-2.58","55153500000"
"001080","만호제강","KOSPI","금속","30750","100","0.33","127612500000"
"088980","맥쿼리인프라","KOSPI","기타금융","11770","20","0.17","5636911857610"
"094800","맵스리얼티1","KOSPI","기타금융","4525","-5","-0.11","420075347775"
"138040","메리츠금융지주","KOSPI","기타금융","104800","-200","-0.19","19987467947200"
"090370","메타랩스","KOSPI","섬유·의류","1620","4","0.25","40345596180"
"118000","메타케어","KOSPI","유통","335","-7","-2.05","55200416940"
"017180","명문제약","KOSPI","제약","2280","60","2.70","77413875120"
"009900","명신산업","KOSPI","운송장비·부품","12940","920","7.65","678963521020"
"012690","모나리자","KOSPI","종이·목재","3150","110","3.62","115199453250"
"005360","모나미","KOSPI","유통","2200","-65","-2.87","41574075400"
"070960","모나용평","KOSPI","일반서비스","3800","-70","-1.81","182906665400"
"009680","모토닉","KOSPI","운송장비·부품","8630","-10","-0.12","284790000000"
"009580","무림P&P","KOSPI","종이·목재","2735","-40","-1.44","170577366140"
"009200","무림페이퍼","KOSPI","종이·목재","2010","-10","-0.50","83634713100"
"033920","무학","KOSPI","음식료·담배","5870","100","1.73","167295000000"
"008420","문배철강","KOSPI","금속","2230","-50","-2.19","45722816150"
"025560","미래산업","KOSPI","의료·정밀기기","1090","99","9.99","33971882850"
"007120","미래아이앤지","KOSPI","일반서비스","1027","-18","-1.72","29658330416"
"396690","미래에셋글로벌리츠","KOSPI","일반서비스","2855","-20","-0.70","113074958700"
"357250","미래에셋맵스리츠","KOSPI","일반서비스","3010","-40","-1.31","75235266050"
"085620","미래에셋생명","KOSPI","보험","5230","-50","-0.95","925794668470"
"006800","미래에셋증권","KOSPI","증권","9160","120","1.33","5453098297280"
"00680K","미래에셋증권2우B","KOSPI","증권","4030","10","0.25","564200000000"
"006805","미래에셋증권우","KOSPI","증권","4270","15","0.35","60103452500"
"002840","미원상사","KOSPI","화학","197400","-700","-0.35","937650000000"
"268280","미원에스씨","KOSPI","화학","146000","-400","-0.27","730000000000"
"107590","미원홀딩스","KOSPI","기타금융","79800","-100","-0.13","185136000000"
"134380","미원화학","KOSPI","화학","80000","100","0.13","175941440000"
"003650","미창석유","KOSPI","화학","95000","400","0.42","165268840000"
"377740","바이오노트","KOSPI","제약","4605","-35","-0.75","469968101040"
"003610","방림","KOSPI","섬유·의류","3315","125","3.92","140271208350"
"001340","백광산업","KOSPI","화학","9250","-50","-0.54","415495264750"
"035150","백산","KOSPI","화학","13210","-210","-1.56","284015000000"
"002410","범양건영","KOSPI","건설","1010","-12","-1.17","25080301820"
"007210","벽산","KOSPI","비금속","1981","-59","-2.89","133836360000"
"002760","보락","KOSPI","화학","1338","93","7.47","80146200000"
"003850","보령","KOSPI","제약","10930","-180","-1.62","750781700000"
"000890","보해양조","KOSPI","음식료·담배","416","-2","-0.48","57873973664"
"003000","부광약품","KOSPI","제약","4825","-105","-2.13","330293787575"
"001270","부국증권","KOSPI","증권","27550","50","0.18","285690359300"
"001275","부국증권우","KOSPI","증권","22200","-50","-0.22","66600000000"
"026940","부국철강","KOSPI","금속","2475","20","0.81","49500000000"
"011390","부산산업","KOSPI","비금속","52200","-1600","-2.97","55123200000"
"005030","부산주공","KOSPI","운송장비·부품","486","0","0.00","38288532168"
"002070","비비안","KOSPI","섬유·의류","812","0","0.00","24192719880"
"100220","비상교육","KOSPI","일반서비스","5200","120","2.36","67583053200"
"090460","비에이치","KOSPI","전기·전자","15600","-520","-3.23","537644312400"
"005180","빙그레","KOSPI","음식료·담배","62800","400","0.64","618657934800"
"003960","사조대림","KOSPI","음식료·담배","42350","-800","-1.85","388115177450"
"008040","사조동아원","KOSPI","음식료·담배","1025","2","0.20","144673215000"
"007160","사조산업","KOSPI","농업, 임업 및 어업","60700","-200","-0.33","303500000000"
"014710","사조씨푸드","KOSPI","음식료·담배","6710","0","0.00","115536423530"
"006090","사조오양","KOSPI","음식료·담배","8690","-30","-0.34","81883601910"
"062040","산일전기","KOSPI","전기·전자","41850","200","0.48","1274131620000"
"001470","삼부토건","KOSPI","건설","448","-2","-0.44","100178097152"
"028050","삼성E&A","KOSPI","일반서비스","18420","-1400","-7.06","3610320000000"
"448730","삼성FN리츠","KOSPI","일반서비스","4750","-35","-0.73","432487500000"
"006400","삼성SDI","KOSPI","전기·전자","322000","-5500","-1.68","22142178660000"
"006405","삼성SDI우","KOSPI","전기·전자","203500","-3000","-1.45","329241836000"
"006660","삼성공조","KOSPI","운송장비·부품","10480","70","0.67","85163770720"
"028260","삼성물산","KOSPI","유통","132200","-1400","-1.05","23503058945400"
"02826K","삼성물산우B","KOSPI","유통","99900","300","0.30","146612241000"
"207940","삼성바이오로직스","KOSPI","제약","1061000","20000","1.92","75515614000000"
"032830","삼성생명","KOSPI","보험","101700","1100","1.09","20340000000000"
"018260","삼성에스디에스","KOSPI","일반서비스","141900","-3300","-2.27","10979909820000"
"009150","삼성전기","KOSPI","전기·전자","117000","-2100","-1.76","8739162432000"
"009155","삼성전기우","KOSPI","전기·전자","59000","-100","-0.17","171512056000"
"005930","삼성전자","KOSPI","전기·전자","55900","-700","-1.24","333710844545000"
"005935","삼성전자우","KOSPI","전기·전자","47650","-900","-1.85","39210551255000"
"001360","삼성제약","KOSPI","제약","1530","-170","-10.00","144067980870"
"010140","삼성중공업","KOSPI","운송장비·부품","9900","-150","-1.49","8712000000000"
"016360","삼성증권","KOSPI","증권","47150","50","0.11","4210495000000"
"068290","삼성출판사","KOSPI","일반서비스","13970","-80","-0.57","139700000000"
"029780","삼성카드","KOSPI","기타금융","41000","350","0.86","4750214531000"
"000810","삼성화재","KOSPI","보험","356500","10000","2.89","16889129390500"
"000815","삼성화재우","KOSPI","보험","278000","0","0.00","887376000000"
"006110","삼아알미늄","KOSPI","금속","49150","750","1.55","723090671400"
"145990","삼양사","KOSPI","음식료·담배","49750","0","0.00","513094087750"
"145995","삼양사우","KOSPI","음식료·담배","31000","150","0.49","11472170000"
"003230","삼양식품","KOSPI","음식료·담배","529000","-9000","-1.67","3984964935000"
"002170","삼양통상","KOSPI","기타제조","47900","1000","2.13","143700000000"
"272550","삼양패키징","KOSPI","화학","16180","-100","-0.61","255460696780"
"000070","삼양홀딩스","KOSPI","기타금융","70000","-1700","-2.37","599498970000"
"000075","삼양홀딩스우","KOSPI","기타금융","55300","-300","-0.54","16814407400"
"003720","삼영","KOSPI","화학","4590","-25","-0.54","156060000000"
"002810","삼영무역","KOSPI","유통","12630","-20","-0.16","233237553240"
"005680","삼영전자","KOSPI","전기·전자","9600","-80","-0.83","192000000000"
"023000","삼원강재","KOSPI","운송장비·부품","2570","-5","-0.19","102800000000"
"004380","삼익THK","KOSPI","기계·장비","8690","-50","-0.57","182490000000"
"002450","삼익악기","KOSPI","기타제조","1098","0","0.00","99402944670"
"004440","삼일씨엔에스","KOSPI","비금속","4345","25","0.58","55320309715"
"000520","삼일제약","KOSPI","제약","15680","-450","-2.79","339018848000"
"009770","삼정펄프","KOSPI","종이·목재","26900","150","0.56","67249219900"
"005500","삼진제약","KOSPI","제약","18050","-120","-0.66","250895000000"
"004690","삼천리","KOSPI","전기·가스","89400","1200","1.36","362519235000"
"010960","삼호개발","KOSPI","건설","3150","-40","-1.25","78750000000"
"004450","삼화왕관","KOSPI","기계·장비","32000","300","0.95","68940128000"
"009470","삼화전기","KOSPI","전기·전자","42100","4150","10.94","278441822000"
"011230","삼화전자","KOSPI","전기·전자","2895","-30","-1.03","48933316500"
"001820","삼화콘덴서","KOSPI","전기·전자","32750","-350","-1.06","340436250000"
"000390","삼화페인트","KOSPI","화학","7380","420","6.03","200761601220"
"001290","상상인증권","KOSPI","증권","470","-6","-1.26","50918446400"
"041650","상신브레이크","KOSPI","운송장비·부품","3395","5","0.15","72895572750"
"075180","새론오토모티브","KOSPI","운송장비·부품","3925","45","1.16","75360000000"
"007540","샘표","KOSPI","기타금융","43750","-350","-0.79","125816250000"
"248170","샘표식품","KOSPI","음식료·담배","28450","-50","-0.18","129967736700"
"007860","서연","KOSPI","기타금융","6810","-40","-0.58","159897737640"
"200880","서연이화","KOSPI","운송장비·부품","13310","-120","-0.89","359748496470"
"017390","서울가스","KOSPI","전기·가스","51800","-300","-0.58","259000000000"
"004410","서울식품","KOSPI","음식료·담배","153","-2","-1.29","57337600527"
"004415","서울식품우","KOSPI","음식료·담배","1309","-1","-0.08","2911870500"
"021050","서원","KOSPI","금속","1245","-10","-0.80","59105864550"
"008490","서흥","KOSPI","화학","15920","-240","-1.49","184180278960"
"007610","선도전기","KOSPI","전기·전자","3000","0","0.00","54000000000"
"136490","선진","KOSPI","음식료·담배","6580","-60","-0.90","156469794320"
"014910","성문전자","KOSPI","전기·전자","1235","-23","-1.83","27739316475"
"014915","성문전자우","KOSPI","전기·전자","4850","-55","-1.12","2910000000"
"003080","성보화학","KOSPI","화학","2625","0","0.00","52552500000"
"004980","성신양회","KOSPI","비금속","7900","-50","-0.63","193676976700"
"004985","성신양회우","KOSPI","비금속","11050","0","0.00","8128877250"
"011300","성안머티리얼스","KOSPI","섬유·의류","443","-10","-2.21","36276332612"
"000180","성창기업지주","KOSPI","일반서비스","1374","-43","-3.03","95838698400"
"002420","세기상사","KOSPI","유통","5780","-20","-0.34","32130141440"
"004360","세방","KOSPI","운송·창고","11900","-50","-0.42","229773411000"
"004365","세방우","KOSPI","운송·창고","7600","-120","-1.55","28038300000"
"004490","세방전지","KOSPI","전기·전자","70300","-100","-0.14","984200000000"
"001430","세아베스틸지주","KOSPI","금속","19580","-190","-0.96","702180290020"
"306200","세아제강","KOSPI","금속","113600","-500","-0.44","322203680000"
"003030","세아제강지주","KOSPI","기타금융","158300","-4600","-2.82","655624303100"
"019440","세아특수강","KOSPI","금속","13700","30","0.22","117409000000"
"058650","세아홀딩스","KOSPI","금속","98400","800","0.82","393600000000"
"013000","세우글로벌","KOSPI","유통","1240","32","2.65","35594238440"
"091090","세원이앤씨","KOSPI","기계·장비","1270","0","0.00","54838923850"
"021820","세원정공","KOSPI","운송장비·부품","7070","-50","-0.70","70700000000"
"067830","세이브존I&C","KOSPI","유통","2150","20","0.94","88237924250"
"075580","세진중공업","KOSPI","운송장비·부품","7290","-150","-2.02","414432534240"
"068270","셀트리온","KOSPI","제약","186400","500","0.27","40452749816000"
"336370","솔루스첨단소재","KOSPI","전기·전자","11800","-50","-0.42","828564659200"
"33637K","솔루스첨단소재1우","KOSPI","전기·전자","2800","40","1.45","47344544800"
"33637L","솔루스첨단소재2우B","KOSPI","전기·전자","5880","-90","-1.51","22216380480"
"248070","솔루엠","KOSPI","전기·전자","20000","-550","-2.68","1000111020000"
"004430","송원산업","KOSPI","화학","13440","1180","9.62","322560000000"
"126720","수산인더스트리","KOSPI","건설","22050","-600","-2.65","315006300000"
"017550","수산중공업","KOSPI","기계·장비","1704","-7","-0.41","106328117520"
"053210","스카이라이프","KOSPI","일반서비스","4985","-35","-0.70","236901930675"
"204210","스타에스엠리츠","KOSPI","일반서비스","2490","20","0.81","19488769350"
"026890","스틱인베스트먼트","KOSPI","기타금융","7860","-130","-1.63","327590455500"
"134790","시디즈","KOSPI","기타제조","29000","-550","-1.86","58000000000"
"462870","시프트업","KOSPI","일반서비스","58000","0","0.00","3383413760000"
"016590","신대양제지","KOSPI","종이·목재","5850","-90","-1.52","235742247000"
"029530","신도리코","KOSPI","전기·전자","40050","250","0.63","403705161450"
"004970","신라교역","KOSPI","농업, 임업 및 어업","9460","-20","-0.21","151360000000"
"011930","신성이엔지","KOSPI","전기·전자","1443","-43","-2.89","297038881893"
"005390","신성통상","KOSPI","유통","2230","-5","-0.22","320469709700"
"004170","신세계","KOSPI","유통","146400","-2100","-1.41","1441334498400"
"035510","신세계 I&C","KOSPI","일반서비스","9760","-190","-1.91","167872000000"
"034300","신세계건설","KOSPI","건설","18210","10","0.05","141319688340"
"031430","신세계인터내셔날","KOSPI","유통","12530","-160","-1.26","447321000000"
"031440","신세계푸드","KOSPI","일반서비스","34000","-650","-1.88","131664320000"
"006880","신송홀딩스","KOSPI","유통","7020","570","8.84","83038583160"
"005800","신영와코루","KOSPI","섬유·의류","9070","-10","-0.11","81630000000"
"001720","신영증권","KOSPI","증권","81100","-1200","-1.46","1333284000000"
"009270","신원","KOSPI","섬유·의류","1262","12","0.96","129463981272"
"002700","신일전자","KOSPI","유통","1445","-8","-0.55","102663667845"
"002870","신풍","KOSPI","유통","919","1","0.11","32127045300"
"019170","신풍제약","KOSPI","제약","11490","130","1.14","608797535100"
"019175","신풍제약우","KOSPI","제약","19010","-40","-0.21","41822000000"
"481850","신한글로벌액티브리츠","KOSPI","기타금융","2275","-100","-4.21","98911685600"
"404990","신한서부티엔디리츠","KOSPI","일반서비스","3350","-110","-3.18","187452211400"
"293940","신한알파리츠","KOSPI","일반서비스","5800","-130","-2.19","510980713400"
"055550","신한지주","KOSPI","기타금융","58000","1900","3.39","29544806412000"
"004080","신흥","KOSPI","유통","14290","30","0.21","135755000000"
"102280","쌍방울","KOSPI","섬유·의류","269","0","0.00","70637282701"
"004770","써니전자","KOSPI","전기·전자","1583","-1","-0.06","58100665372"
"403550","쏘카","KOSPI","일반서비스","18570","40","0.22","609372730140"
"004920","씨아이테크","KOSPI","전기·전자","1311","21","1.63","65636254623"
"112610","씨에스윈드","KOSPI","기계·장비","56400","-200","-0.35","2378467129200"
"308170","씨티알모빌리티","KOSPI","운송장비·부품","5710","100","1.78","49163100000"
"008700","아남전자","KOSPI","전기·전자","1255","-19","-1.49","96791649100"
"002790","아모레G","KOSPI","화학","22300","-900","-3.88","1838817414000"
"00279K","아모레G3우(전환)","KOSPI","화학","18240","-290","-1.57","129361728000"
"002795","아모레G우","KOSPI","화학","9080","-150","-1.63","58509431600"
"090430","아모레퍼시픽","KOSPI","화학","117300","-6500","-5.25","6861200630700"
"090435","아모레퍼시픽우","KOSPI","화학","33500","-950","-2.76","353687305000"
"002030","아세아","KOSPI","일반서비스","257500","0","0.00","544779360000"
"183190","아세아시멘트","KOSPI","비금속","10900","30","0.28","419670557400"
"002310","아세아제지","KOSPI","종이·목재","8240","-60","-0.72","352527882400"
"012170","아센디오","KOSPI","일반서비스","432","0","0.00","44742018816"
"267850","아시아나IDT","KOSPI","일반서비스","17700","20","0.11","196470000000"
"020560","아시아나항공","KOSPI","운송·창고","9620","-90","-0.93","715841169680"
"122900","아이마켓코리아","KOSPI","유통","8310","10","0.12","277793660400"
"010780","아이에스동서","KOSPI","비금속","21050","-350","-1.64","635435844800"
"139990","아주스틸","KOSPI","금속","5020","-20","-0.40","133119074880"
"009320","아진전자부품","KOSPI","운송장비·부품","1106","-37","-3.24","54525545620"
"001780","알루코","KOSPI","금속","2290","-40","-1.72","221741002280"
"018250","애경산업","KOSPI","화학","15670","-1070","-6.39","413843681450"
"161000","애경케미칼","KOSPI","화학","10400","-40","-0.38","505946573600"
"011090","에넥스","KOSPI","기타제조","534","-19","-3.44","32035536294"
"137310","에스디바이오센서","KOSPI","의료·정밀기기","8790","-160","-1.79","1094155932870"
"005850","에스엘","KOSPI","운송장비·부품","33150","-50","-0.15","1539768438000"
"010580","에스엠벡셀","KOSPI","운송장비·부품","1227","11","0.90","136505909520"
"012750","에스원","KOSPI","일반서비스","62900","-100","-0.16","2390148296200"
"023960","에쓰씨엔지니어링","KOSPI","건설","1763","0","0.00","59903757004"
"298690","에어부산","KOSPI","운송·창고","2340","0","0.00","272937600000"
"140910","에이리츠","KOSPI","일반서비스","3130","0","0.00","13969290160"
"078520","에이블씨엔씨","KOSPI","화학","6970","0","0.00","181318702170"
"015260","에이엔피","KOSPI","전기·전자","692","-18","-2.54","31220890648"
"007460","에이프로젠","KOSPI","기계·장비","1081","-9","-0.83","310086761208"
"003060","에이프로젠바이오로직스","KOSPI","제약","800","-14","-1.72","158726276000"
"244920","에이플러스에셋","KOSPI","기타금융","4105","-5","-0.12","92804579765"
"278470","에이피알","KOSPI","화학","266500","0","0.00","2031443687000"
"450080","에코프로머티","KOSPI","전기·전자","110000","-900","-0.81","7597765780000"
"036570","엔씨소프트","KOSPI","일반서비스","213500","3000","1.43","4687183697000"
"085310","엔케이","KOSPI","기계·장비","768","-19","-2.41","61427214336"
"900140","엘브이엠씨홀딩스","KOSPI","유통","2200","-35","-1.57","377494504200"
"066970","엘앤에프","KOSPI","전기·전자","101100","1600","1.61","3669559771800"
"097520","엠씨넥스","KOSPI","전기·전자","16760","-360","-2.10","301306788320"
"014440","영보화학","KOSPI","화학","3370","-10","-0.30","67400000000"
"111770","영원무역","KOSPI","유통","40100","-600","-1.47","1776889866800"
"009970","영원무역홀딩스","KOSPI","기타금융","91400","1100","1.22","1246293108800"
"003520","영진약품","KOSPI","제약","2335","-50","-2.10","427054526885"
"000670","영풍","KOSPI","금속","369000","-13500","-3.53","679712760000"
"006740","영풍제지","KOSPI","종이·목재","1218","-8","-0.65","56615256264"
"012280","영화금속","KOSPI","운송장비·부품","763","1","0.13","39420017315"
"012160","영흥","KOSPI","금속","470","-8","-1.67","47615874840"
"015360","예스코홀딩스","KOSPI","일반서비스","51000","0","0.00","306000000000"
"007310","오뚜기","KOSPI","음식료·담배","410500","-7500","-1.79","1645214215000"
"002630","오리엔트바이오","KOSPI","제약","450","0","0.00","53362352250"
"271560","오리온","KOSPI","음식료·담배","96800","-1900","-1.93","3827097577600"
"001800","오리온홀딩스","KOSPI","기타금융","16440","-100","-0.60","1029890737680"
"011690","와이투솔루션","KOSPI","전기·전자","2785","155","5.89","101859687290"
"316140","우리금융지주","KOSPI","기타금융","17080","430","2.58","12683462837080"
"006980","우성","KOSPI","음식료·담배","15900","-140","-0.87","49131000000"
"017370","우신시스템","KOSPI","기계·장비","8090","-230","-2.76","148160696860"
"105840","우진","KOSPI","의료·정밀기기","7940","-350","-4.22","161369495160"
"010400","우진아이엔에스","KOSPI","건설","3390","65","1.95","25838580000"
"049800","우진플라임","KOSPI","기계·장비","2260","-65","-2.80","45200000000"
"016880","웅진","KOSPI","일반서비스","888","0","0.00","70975247040"
"095720","웅진씽크빅","KOSPI","일반서비스","1731","3","0.17","199940860035"
"005820","원림","KOSPI","섬유·의류","16050","10","0.06","36882418500"
"010600","웰바이오텍","KOSPI","유통","545","0","0.00","49553256815"
"008600","윌비스","KOSPI","유통","448","17","3.94","30121745472"
"033270","유나이티드제약","KOSPI","제약","20700","-100","-0.48","338110115400"
"014830","유니드","KOSPI","화학","65200","-100","-0.15","441247520000"
"446070","유니드비티플러스","KOSPI","종이·목재","4440","120","2.78","47113794600"
"000910","유니온","KOSPI","비금속","4370","10","0.23","68222775030"
"047400","유니온머티리얼","KOSPI","비금속","2375","-45","-1.86","99750000000"
"011330","유니켐","KOSPI","기타제조","1540","-3","-0.19","149375637180"
"077500","유니퀘스트","KOSPI","유통","4300","-125","-2.82","93714264500"
"002920","유성기업","KOSPI","운송장비·부품","1996","-19","-0.94","51791210000"
"000700","유수홀딩스","KOSPI","일반서비스","5120","-50","-0.97","133334077440"
"003470","유안타증권","KOSPI","증권","2900","15","0.52","578830070400"
"003475","유안타증권우","KOSPI","증권","2970","30","1.02","38349269640"
"072130","유엔젤","KOSPI","일반서비스","4780","20","0.42","63074270120"
"000220","유유제약","KOSPI","제약","4310","-120","-2.71","73409432810"
"000225","유유제약1우","KOSPI","제약","5070","60","1.20","11493335100"
"000227","유유제약2우B","KOSPI","제약","9940","-160","-1.58","3236066400"
"001200","유진투자증권","KOSPI","증권","3935","-100","-2.48","381169354830"
"000100","유한양행","KOSPI","제약","147400","-1600","-1.07","11822816033600"
"000105","유한양행우","KOSPI","제약","133800","4600","3.56","158009772000"
"003460","유화증권","KOSPI","증권","2240","25","1.13","127013409600"
"003465","유화증권우","KOSPI","증권","2230","-5","-0.22","38972427750"
"008730","율촌화학","KOSPI","화학","27550","1200","4.55","683240000000"
"008250","이건산업","KOSPI","종이·목재","4995","-55","-1.09","54708411825"
"025820","이구산업","KOSPI","금속","4410","10","0.23","147479220000"
"214320","이노션","KOSPI","일반서비스","19530","-210","-1.06","781200000000"
"088260","이리츠코크렙","KOSPI","일반서비스","4455","-380","-7.86","282186783450"
"139480","이마트","KOSPI","유통","61900","-1000","-1.59","1725513196100"
"457190","이수스페셜티케미컬","KOSPI","화학","41150","150","0.37","1243070722000"
"007660","이수페타시스","KOSPI","전기·전자","43800","-1100","-2.45","2770193152200"
"005950","이수화학","KOSPI","화학","7530","-170","-2.21","171102224670"
"015020","이스타코","KOSPI","일반서비스","662","-6","-0.90","28367759200"
"093230","이아이디","KOSPI","유통","1392","0","0.00","354103029120"
"074610","이엔플러스","KOSPI","기계·장비","1425","-30","-2.06","104558988825"
"102460","이연제약","KOSPI","제약","15850","-30","-0.19","294600954350"
"084680","이월드","KOSPI","기타제조","1833","62","3.50","259930751769"
"350520","이지스레지던스리츠","KOSPI","일반서비스","3975","-5","-0.13","112725502575"
"334890","이지스밸류리츠","KOSPI","일반서비스","4970","-80","-1.58","255674040930"
"000760","이화산업","KOSPI","유통","11560","-410","-3.43","32368000000"
"014990","인디에프","KOSPI","섬유·의류","720","-5","-0.69","54081356400"
"101140","인바이오젠","KOSPI","유통","9340","0","0.00","93812977440"
"006490","인스코비","KOSPI","통신","1632","-93","-5.39","194810204736"
"023800","인지컨트롤스","KOSPI","운송장비·부품","6140","-80","-1.29","97068469580"
"034590","인천도시가스","KOSPI","전기·가스","25600","0","0.00","111993702400"
"129260","인터지스","KOSPI","운송·창고","2195","-5","-0.23","65296583430"
"023810","인팩","KOSPI","운송장비·부품","7120","-50","-0.70","71200000000"
"249420","일동제약","KOSPI","제약","13540","-150","-1.10","379966263540"
"000230","일동홀딩스","KOSPI","제약","7740","-180","-2.27","89322696000"
"013360","일성건설","KOSPI","건설","1178","-37","-3.05","63641308640"
"003120","일성아이에스","KOSPI","제약","15860","20","0.13","210938000000"
"003200","일신방직","KOSPI","섬유·의류","7840","-240","-2.97","182515200000"
"007110","일신석재","KOSPI","유통","1284","17","1.34","99454287240"
"007570","일양약품","KOSPI","제약","12680","-170","-1.32","242006219520"
"007575","일양약품우","KOSPI","제약","11900","10","0.08","5296452000"
"008500","일정실업","KOSPI","섬유·의류","12210","-80","-0.65","14652000000"
"081000","일진다이아","KOSPI","화학","11990","-210","-1.72","170293670250"
"020760","일진디스플","KOSPI","전기·전자","913","14","1.56","47032045533"
"103590","일진전기","KOSPI","전기·전자","24200","-100","-0.41","1153986438000"
"271940","일진하이솔루스","KOSPI","운송장비·부품","20150","170","0.85","731710778500"
"015860","일진홀딩스","KOSPI","기타금융","4030","0","0.00","198870356490"
"226320","잇츠한불","KOSPI","화학","11590","-330","-2.77","254160760850"
"317400","자이에스앤디","KOSPI","일반서비스","3945","-40","-1.00","152997041400"
"033240","자화전자","KOSPI","전기·전자","15410","-230","-1.47","341421956700"
"000950","전방","KOSPI","섬유·의류","19500","-440","-2.21","32760000000"
"079900","전진건설로봇","KOSPI","기계·장비","23000","1150","5.26","353293202000"
"348950","제이알글로벌리츠","KOSPI","일반서비스","3195","-75","-2.29","630616320000"
"194370","제이에스코퍼레이션","KOSPI","기타제조","16650","-390","-2.29","222037756650"
"025620","제이준코스메틱","KOSPI","화학","5080","-20","-0.39","22783017680"
"030000","제일기획","KOSPI","일반서비스","18360","-140","-0.76","2112156891000"
"271980","제일약품","KOSPI","제약","14070","-510","-3.50","206897549040"
"001560","제일연마","KOSPI","비금속","8370","-120","-1.41","82863000000"
"002620","제일파마홀딩스","KOSPI","일반서비스","8680","-100","-1.14","138648721400"
"006220","제주은행","KOSPI","은행","8200","100","1.23","263455946800"
"089590","제주항공","KOSPI","운송·창고","8840","20","0.23","712866307400"
"004910","조광페인트","KOSPI","화학","6030","-50","-0.82","77184000000"
"004700","조광피혁","KOSPI","기타제조","51500","0","0.00","342430607000"
"001550","조비","KOSPI","화학","10050","-370","-3.55","52182001950"
"462520","조선내화","KOSPI","비금속","17090","-10","-0.06","202604821120"
"120030","조선선재","KOSPI","기계·장비","92200","-900","-0.97","115955422200"
"018470","조일알미늄","KOSPI","금속","1623","3","0.19","205523283183"
"002600","조흥","KOSPI","음식료·담배","171800","-1400","-0.81","103080000000"
"185750","종근당","KOSPI","제약","104300","-2700","-2.52","1374092006000"
"063160","종근당바이오","KOSPI","제약","28400","-350","-1.22","155801320800"
"001630","종근당홀딩스","KOSPI","제약","55500","-1000","-1.77","278047285500"
"109070","주성코퍼레이션","KOSPI","전기·전자","4100","0","0.00","216521943000"
"044380","주연테크","KOSPI","전기·전자","339","-12","-3.42","22510905828"
"013890","지누스","KOSPI","기타제조","23350","-250","-1.06","484167013400"
"013870","지엠비코리아","KOSPI","운송장비·부품","3765","-30","-0.79","71807134200"
"071320","지역난방공사","KOSPI","전기·가스","47900","-350","-0.73","554621837600"
"088790","진도","KOSPI","유통","1820","0","0.00","22654894080"
"003780","진양산업","KOSPI","화학","6440","30","0.47","83720000000"
"010640","진양폴리","KOSPI","화학","6680","-150","-2.20","66800000000"
"100250","진양홀딩스","KOSPI","화학","3175","-5","-0.16","177467552100"
"051630","진양화학","KOSPI","화학","2635","-10","-0.38","41633000000"
"272450","진에어","KOSPI","운송·창고","10600","90","0.86","553320000000"
"011000","진원생명과학","KOSPI","제약","2255","-35","-1.53","180488023925"
"002780","진흥기업","KOSPI","건설","727","-26","-3.45","105757958615"
"002787","진흥기업2우B","KOSPI","건설","11600","-50","-0.43","3419772800"
"002785","진흥기업우B","KOSPI","건설","4020","-75","-1.83","3446016360"
"009310","참엔지니어링","KOSPI","기계·장비","367","-8","-2.13","31146342773"
"000650","천일고속","KOSPI","운송·창고","40500","-150","-0.37","57883410000"
"012600","청호ICT","KOSPI","기계·장비","2490","0","0.00","116119947330"
"033250","체시스","KOSPI","운송장비·부품","1445","64","4.63","46240000000"
"035720","카카오","KOSPI","일반서비스","36500","-950","-2.54","16188878142000"
"323410","카카오뱅크","KOSPI","은행","21650","0","0.00","10326262741050"
"377300","카카오페이","KOSPI","기타금융","23050","-750","-3.15","3102898477300"
"006380","카프로","KOSPI","화학","3660","0","0.00","618539985360"
"001620","케이비아이동국실업","KOSPI","운송장비·부품","562","-1","-0.18","62546683422"
"029460","케이씨","KOSPI","의료·정밀기기","18890","-340","-1.77","256035891160"
"281820","케이씨텍","KOSPI","의료·정밀기기","35150","400","1.15","733283693400"
"381970","케이카","KOSPI","유통","12850","-90","-0.70","619139638050"
"145270","케이탑리츠","KOSPI","일반서비스","1010","-1","-0.10","48541381740"
"417310","코람코더원리츠","KOSPI","일반서비스","4890","-90","-1.81","197556000000"
"357120","코람코라이프인프라리츠","KOSPI","일반서비스","4700","-65","-1.36","416112027800"
"007815","코리아써우","KOSPI","전기·전자","5610","-10","-0.18","16631910900"
"007810","코리아써키트","KOSPI","전기·전자","10080","-390","-3.72","238097170080"
"00781K","코리아써키트2우B","KOSPI","전기·전자","5800","0","0.00","4545454200"
"003690","코리안리","KOSPI","보험","9200","100","1.10","1521381239200"
"192820","코스맥스","KOSPI","화학","133000","-10400","-7.25","1509484697000"
"044820","코스맥스비티아이","KOSPI","기타금융","8680","-10","-0.12","83362034280"
"005070","코스모신소재","KOSPI","화학","101000","-900","-0.88","3283586356000"
"005420","코스모화학","KOSPI","화학","21250","-700","-3.19","816174845000"
"071950","코아스","KOSPI","기타제조","9790","-280","-2.78","32216148800"
"002020","코오롱","KOSPI","기타금융","14400","-80","-0.55","181820534400"
"138490","코오롱ENP","KOSPI","화학","5620","20","0.36","213560000000"
"003070","코오롱글로벌","KOSPI","건설","8980","-40","-0.44","170015762740"
"003075","코오롱글로벌우","KOSPI","건설","15850","-350","-2.16","11740681450"
"450140","코오롱모빌리티그룹","KOSPI","유통","2350","35","1.51","147526537500"
"45014K","코오롱모빌리티그룹우","KOSPI","유통","3785","-85","-2.20","9296414200"
"002025","코오롱우","KOSPI","기타금융","12750","10","0.08","13723972500"
"120110","코오롱인더","KOSPI","화학","31100","-950","-2.96","855843730100"
"120115","코오롱인더우","KOSPI","화학","21400","50","0.23","59232204000"
"021240","코웨이","KOSPI","일반서비스","65500","-300","-0.46","4833875044500"
"036420","콘텐트리중앙","KOSPI","일반서비스","10620","420","4.12","204565710960"
"024720","콜마홀딩스","KOSPI","기타금융","6750","-190","-2.74","231499748250"
"031820","콤텍시스템","KOSPI","일반서비스","559","-5","-0.89","67667769494"
"192400","쿠쿠홀딩스","KOSPI","기타금융","24200","-500","-2.02","860604877000"
"284740","쿠쿠홈시스","KOSPI","일반서비스","22400","-1150","-4.88","502596192000"
"264900","크라운제과","KOSPI","음식료·담배","8370","-20","-0.24","104824624500"
"26490K","크라운제과우","KOSPI","음식료·담배","9920","-60","-0.60","7673715200"
"005740","크라운해태홀딩스","KOSPI","기타금융","5950","50","0.85","88341714650"
"005745","크라운해태홀딩스우","KOSPI","기타금융","8970","20","0.22","5388512220"
"259960","크래프톤","KOSPI","일반서비스","344500","-2500","-0.72","16501589617500"
"020120","키다리스튜디오","KOSPI","일반서비스","3390","-100","-2.87","125646166740"
"039490","키움증권","KOSPI","증권","134700","-1200","-0.88","3438447298200"
"014580","태경비케이","KOSPI","비금속","4365","-35","-0.80","120400231500"
"015890","태경산업","KOSPI","화학","5060","-50","-0.98","147897475000"
"006890","태경케미컬","KOSPI","화학","10750","-140","-1.29","124700000000"
"003240","태광산업","KOSPI","화학","644000","12000","1.90","717029600000"
"011280","태림포장","KOSPI","종이·목재","2000","-75","-3.61","141611880000"
"004100","태양금속","KOSPI","운송장비·부품","3260","195","6.36","119642000000"
"004105","태양금속우","KOSPI","운송장비·부품","4980","135","2.79","16434000000"
"009410","태영건설","KOSPI","건설","4620","0","0.00","1330122656940"
"009415","태영건설우","KOSPI","건설","7130","0","0.00","4634314620"
"001420","태원물산","KOSPI","운송장비·부품","3800","0","0.00","28880000000"
"055490","테이팩스","KOSPI","화학","16780","-200","-1.18","80034727000"
"078000","텔코웨어","KOSPI","일반서비스","9900","10","0.10","91476762300"
"214420","토니모리","KOSPI","화학","7420","-280","-3.64","178486608580"
"019180","티에이치엔","KOSPI","전기·전자","3150","-10","-0.32","56700000000"
"363280","티와이홀딩스","KOSPI","기타금융","3395","-5","-0.15","171207364860"
"36328K","티와이홀딩스우","KOSPI","기타금융","4575","-20","-0.44","5686789050"
"091810","티웨이항공","KOSPI","운송·창고","3325","240","7.78","716135095200"
"004870","티웨이홀딩스","KOSPI","비금속","739","146","24.62","82481041127"
"034230","파라다이스","KOSPI","일반서비스","10100","-200","-1.94","926893392300"
"005690","파미셀","KOSPI","제약","4905","-90","-1.80","294383208420"
"036580","팜스코","KOSPI","음식료·담배","2100","-20","-0.94","77128680300"
"004720","팜젠사이언스","KOSPI","제약","4630","-60","-1.28","84166570750"
"028670","팬오션","KOSPI","운송·창고","3405","-85","-2.44","1820209188360"
"010820","퍼스텍","KOSPI","기계·장비","3510","-30","-0.85","171189502380"
"016800","퍼시스","KOSPI","기타제조","44550","-100","-0.22","512325000000"
"001020","페이퍼코리아","KOSPI","종이·목재","750","-66","-8.09","133487484750"
"090080","평화산업","KOSPI","운송장비·부품","987","0","0.00","54188529633"
"010770","평화홀딩스","KOSPI","운송장비·부품","2755","30","1.10","40293158830"
"022100","포스코DX","KOSPI","일반서비스","26450","0","0.00","4021318582050"
"058430","포스코스틸리온","KOSPI","금속","37000","-100","-0.27","222000000000"
"047050","포스코인터내셔널","KOSPI","유통","49600","-500","-1.00","8725770284800"
"003670","포스코퓨처엠","KOSPI","전기·전자","227000","-4500","-1.94","17584150940000"
"017810","풀무원","KOSPI","음식료·담배","10220","-130","-1.26","389591939240"
"103140","풍산","KOSPI","금속","70900","1300","1.87","1986921310200"
"005810","풍산홀딩스","KOSPI","기타금융","27900","500","1.82","402242446800"
"950210","프레스티지바이오파마","KOSPI","일반서비스","17660","570","3.34","1061298097300"
"009810","플레이그램","KOSPI","유통","361","3","0.84","54831387500"
"086790","하나금융지주","KOSPI","기타금융","66500","2600","4.07","19101518520000"
"293480","하나제약","KOSPI","제약","11040","40","0.36","196213323840"
"039130","하나투어","KOSPI","일반서비스","46900","-600","-1.26","752237776500"
"352820","하이브","KOSPI","일반서비스","192700","-1200","-0.62","8026359091900"
"071090","하이스틸","KOSPI","금속","3070","-90","-2.85","61987815970"
"019490","하이트론","KOSPI","전기·전자","3010","-160","-5.05","90433249690"
"000080","하이트진로","KOSPI","음식료·담배","21050","-150","-0.71","1476312511550"
"000087","하이트진로2우B","KOSPI","음식료·담배","16260","-30","-0.18","18376043880"
"000140","하이트진로홀딩스","KOSPI","기타금융","9310","60","0.65","216054982150"
"000145","하이트진로홀딩스우","KOSPI","기타금융","11400","-70","-0.61","5367234000"
"152550","한국ANKOR유전","KOSPI","기타금융","366","-4","-1.08","25627320000"
"036460","한국가스공사","KOSPI","전기·가스","40350","100","0.25","3724829550000"
"005430","한국공항","KOSPI","운송·창고","55900","-1500","-2.61","176999244500"
"071050","한국금융지주","KOSPI","기타금융","79200","1600","2.06","4413498566400"
"071055","한국금융지주우","KOSPI","기타금융","53600","1300","2.49","314002253600"
"010040","한국내화","KOSPI","비금속","2210","10","0.45","90758207020"
"025540","한국단자","KOSPI","전기·전자","73500","-2600","-3.42","765502500000"
"010100","한국무브넥스","KOSPI","운송장비·부품","3555","140","4.10","108251243100"
"004090","한국석유","KOSPI","비금속","16800","-680","-3.89","213261216000"
"002200","한국수출포장","KOSPI","종이·목재","2650","0","0.00","106000000000"
"002960","한국쉘석유","KOSPI","화학","322500","1000","0.31","419250000000"
"000240","한국앤컴퍼니","KOSPI","기타금융","16510","310","1.91","1567380812400"
"123890","한국자산신탁","KOSPI","기타금융","2925","-5","-0.17","362634924600"
"015760","한국전력","KOSPI","전기·가스","22800","-250","-1.08","14636780955600"
"006200","한국전자홀딩스","KOSPI","기타금융","730","0","0.00","34166289280"
"027970","한국제지","KOSPI","종이·목재","976","-26","-2.59","185613959312"
"023350","한국종합기술","KOSPI","일반서비스","4385","5","0.11","48015750000"
"025890","한국주강","KOSPI","기계·장비","1972","2","0.10","22301858748"
"000970","한국주철관","KOSPI","금속","6370","-40","-0.62","145239185000"
"104700","한국철강","KOSPI","금속","7810","-190","-2.38","331534500000"
"017960","한국카본","KOSPI","기계·장비","10770","0","0.00","559054028040"
"161890","한국콜마","KOSPI","화학","66400","-3800","-5.41","1567377112800"
"161390","한국타이어앤테크놀로지","KOSPI","화학","35550","-650","-1.80","4403758702950"
"034830","한국토지신탁","KOSPI","기타금융","1040","-1","-0.10","262588799200"
"007280","한국특강","KOSPI","금속","1535","-8","-0.52","93348432385"
"168490","한국패러랠","KOSPI","기타금융","148","1","0.68","11842960000"
"047810","한국항공우주","KOSPI","운송장비·부품","57200","0","0.00","5575576120400"
"123690","한국화장품","KOSPI","유통","6370","-230","-3.48","102353160000"
"003350","한국화장품제조","KOSPI","화학","73600","-6300","-7.88","333555200000"
"011500","한농화성","KOSPI","화학","18660","-130","-0.69","291787203720"
"002390","한독","KOSPI","제약","14510","-220","-1.49","199708863830"
"053690","한미글로벌","KOSPI","일반서비스","14020","-60","-0.43","153624851000"
"042700","한미반도체","KOSPI","기계·장비","97800","-400","-0.41","9485977405200"
"008930","한미사이언스","KOSPI","기타금융","40700","1550","3.96","2783536085000"
"128940","한미약품","KOSPI","제약","330500","-2500","-0.75","4234032525500"
"009240","한샘","KOSPI","유통","50700","-500","-0.98","1193170149600"
"020000","한섬","KOSPI","섬유·의류","15700","-160","-1.01","367356450000"
"003680","한성기업","KOSPI","음식료·담배","5070","10","0.20","31482241050"
"105630","한세실업","KOSPI","섬유·의류","15250","-550","-3.48","610000000000"
"069640","한세엠케이","KOSPI","유통","1475","3","0.20","44407090450"
"016450","한세예스24홀딩스","KOSPI","섬유·의류","5090","255","5.27","203600000000"
"010420","한솔PNS","KOSPI","유통","1040","-10","-0.95","21312732480"
"009180","한솔로지스틱스","KOSPI","운송·창고","2220","-10","-0.45","62286595500"
"213500","한솔제지","KOSPI","종이·목재","9350","-30","-0.32","222535385600"
"014680","한솔케미칼","KOSPI","화학","119300","-5100","-4.10","1352288763500"
"004710","한솔테크닉스","KOSPI","전기·전자","4350","-40","-0.91","139677969300"
"004150","한솔홀딩스","KOSPI","기타금융","2285","-5","-0.22","95989598445"
"025750","한솔홈데코","KOSPI","종이·목재","687","-4","-0.58","55348257363"
"004960","한신공영","KOSPI","건설","6790","50","0.74","78565066580"
"011700","한신기계","KOSPI","기계·장비","3330","-165","-4.72","108045682830"
"001750","한양증권","KOSPI","증권","12330","-30","-0.24","156942824220"
"001755","한양증권우","KOSPI","증권","13930","-140","-1.00","7313250000"
"018880","한온시스템","KOSPI","기계·장비","3785","-65","-1.69","2020433000000"
"009420","한올바이오파마","KOSPI","제약","47250","-350","-0.74","2468370145500"
"014130","한익스프레스","KOSPI","운송·창고","3355","-50","-1.47","40260000000"
"300720","한일시멘트","KOSPI","비금속","14180","-70","-0.49","982128637200"
"002220","한일철강","KOSPI","금속","2035","15","0.74","54329331100"
"006390","한일현대시멘트","KOSPI","비금속","14080","250","1.81","272133621760"
"003300","한일홀딩스","KOSPI","비금속","13980","660","4.95","431043718320"
"051600","한전KPS","KOSPI","건설","44600","-350","-0.78","2007000000000"
"052690","한전기술","KOSPI","일반서비스","69800","-800","-1.13","2667756000000"
"130660","한전산업","KOSPI","일반서비스","13050","-370","-2.76","425430000000"
"002320","한진","KOSPI","운송·창고","19040","-170","-0.88","284602837120"
"003480","한진중공업홀딩스","KOSPI","전기·가스","3430","15","0.44","101287255160"
"180640","한진칼","KOSPI","기타금융","88000","-2700","-2.98","5875080552000"
"18064K","한진칼우","KOSPI","기타금융","25000","-450","-1.77","13419150000"
"005110","한창","KOSPI","유통","1254","0","0.00","23332434378"
"009460","한창제지","KOSPI","종이·목재","725","-4","-0.55","43258927350"
"372910","한컴라이프케어","KOSPI","의료·정밀기기","4175","75","1.83","115540645050"
"000880","한화","KOSPI","화학","27900","400","1.45","2091348706500"
"00088K","한화3우B","KOSPI","화학","15260","30","0.20","342922720000"
"452260","한화갤러리아","KOSPI","유통","1281","-24","-1.84","248334160410"
"45226K","한화갤러리아우","KOSPI","유통","2580","-40","-1.53","7493532600"
"451800","한화리츠","KOSPI","일반서비스","3900","-50","-1.27","275340000000"
"088350","한화생명","KOSPI","보험","2890","50","1.76","2510051700000"
"000370","한화손해보험","KOSPI","보험","4720","50","1.07","551007678800"
"009830","한화솔루션","KOSPI","화학","20450","0","0.00","3515202361200"
"009835","한화솔루션우","KOSPI","화학","18810","-180","-0.95","48442314690"
"272210","한화시스템","KOSPI","전기·전자","19070","-150","-0.78","3602692748230"
"012450","한화에어로스페이스","KOSPI","운송장비·부품","378000","4000","1.07","17229678858000"
"082740","한화엔진","KOSPI","기계·장비","15230","-20","-0.13","1270899972660"
"042660","한화오션","KOSPI","운송장비·부품","29750","0","0.00","9115798471500"
"000885","한화우","KOSPI","화학","41000","50","0.12","19651054000"
"489790","한화인더스트리얼솔루션즈","KOSPI","기타금융","43250","50","0.12","2183622867500"
"003530","한화투자증권","KOSPI","증권","3385","-50","-1.46","726244218375"
"003535","한화투자증권우","KOSPI","증권","6680","-60","-0.89","32064000000"
"195870","해성디에스","KOSPI","전기·전자","26750","-950","-3.43","454750000000"
"101530","해태제과식품","KOSPI","음식료·담배","5640","-100","-1.74","164218876080"
"143210","핸즈코퍼레이션","KOSPI","운송장비·부품","1911","-1","-0.05","41804552517"
"000720","현대건설","KOSPI","건설","28050","-300","-1.06","3123529208250"
"000725","현대건설우","KOSPI","건설","42450","-700","-1.62","44771717850"
"453340","현대그린푸드","KOSPI","유통","11600","30","0.26","393018602400"
"086280","현대글로비스","KOSPI","운송·창고","124500","2400","1.97","9337500000000"
"064350","현대로템","KOSPI","운송장비·부품","64300","700","1.10","7017849439900"
"079430","현대리바트","KOSPI","기타제조","7730","-220","-2.77","158737729860"
"012330","현대모비스","KOSPI","운송장비·부품","256500","6500","2.60","23853241611000"
"069960","현대백화점","KOSPI","유통","44900","-750","-1.64","1050769600900"
"004560","현대비앤지스틸","KOSPI","금속","12400","-200","-1.59","186977256400"
"004310","현대약품","KOSPI","제약","3860","-25","-0.64","123520000000"
"017800","현대엘리베이","KOSPI","기계·장비","44600","-300","-0.67","1743520371000"
"307950","현대오토에버","KOSPI","일반서비스","142300","2600","1.86","3902432638600"
"011210","현대위아","KOSPI","운송장비·부품","46300","-2250","-4.63","1259132342900"
"004020","현대제철","KOSPI","금속","25550","-1000","-3.77","3409539806750"
"005440","현대지에프홀딩스","KOSPI","기타금융","4380","0","0.00","682860838380"
"005380","현대차","KOSPI","운송장비·부품","225500","-3000","-1.31","47223351070500"
"005387","현대차2우B","KOSPI","운송장비·부품","169900","1200","0.71","6075520530900"
"005389","현대차3우B","KOSPI","운송장비·부품","163000","-300","-0.18","388005852000"
"005385","현대차우","KOSPI","운송장비·부품","163600","-1200","-0.73","3905457236800"
"001500","현대차증권","KOSPI","증권","8830","-50","-0.56","280021922460"
"011760","현대코퍼레이션","KOSPI","유통","18860","740","4.08","249498298760"
"227840","현대코퍼레이션홀딩스","KOSPI","유통","10500","90","0.86","95558778000"
"126560","현대퓨처넷","KOSPI","통신","3815","-60","-1.55","420424235175"
"001450","현대해상","KOSPI","보험","30350","350","1.17","2713290000000"
"057050","현대홈쇼핑","KOSPI","유통","46600","-250","-0.53","559200000000"
"093240","형지엘리트","KOSPI","섬유·의류","1390","50","3.73","47488314450"
"003010","혜인","KOSPI","유통","4835","-35","-0.72","61466131745"
"111110","호전실업","KOSPI","섬유·의류","8460","370","4.57","82484864640"
"008770","호텔신라","KOSPI","유통","43000","-700","-1.60","1687669203000"
"008775","호텔신라우","KOSPI","유통","37050","-800","-2.11","27857116950"
"378850","화승알앤에이","KOSPI","운송장비·부품","3755","0","0.00","71321054365"
"241590","화승엔터프라이즈","KOSPI","기타제조","8790","120","1.38","532579736040"
"006060","화승인더","KOSPI","화학","4055","-45","-1.10","224322600000"
"013520","화승코퍼레이션","KOSPI","운송장비·부품","1871","0","0.00","93645892492"
"010690","화신","KOSPI","운송장비·부품","8880","-170","-1.88","310093240800"
"133820","화인베스틸","KOSPI","금속","838","-16","-1.87","25832286884"
"010660","화천기계","KOSPI","기계·장비","2760","35","1.28","60720000000"
"000850","화천기공","KOSPI","기계·장비","26450","-550","-2.04","58190000000"
"016580","환인제약","KOSPI","제약","13140","-90","-0.68","244404919800"
"032560","황금에스티","KOSPI","금속","5310","-40","-0.75","90270000000"
"004800","효성","KOSPI","기타금융","49900","150","0.30","835346309300"
"094280","효성ITX","KOSPI","일반서비스","12400","10","0.08","143321680000"
"298040","효성중공업","KOSPI","전기·전자","392000","3000","0.77","3655222816000"
"298020","효성티앤씨","KOSPI","화학","297000","1500","0.51","1285321554000"
"298000","효성화학","KOSPI","화학","39550","-200","-0.50","149966125050"
"093370","후성","KOSPI","화학","5860","-110","-1.84","628516233800"
"081660","휠라홀딩스","KOSPI","유통","39550","-400","-1.00","2376790432450"
"005870","휴니드","KOSPI","전기·전자","8210","10","0.12","115892483150"
"079980","휴비스","KOSPI","화학","2605","60","2.36","89872500000"
"005010","휴스틸","KOSPI","금속","3935","-75","-1.87","221100075125"
"000540","흥국화재","KOSPI","보험","3430","90","2.69","220352272350"
"000545","흥국화재우","KOSPI","보험","5250","10","0.19","4032000000"
"003280","흥아해운","KOSPI","운송·창고","1905","-40","-2.06","458009432595"